{
    "labels": ["2025-04-20", "2025-04-21", "2025-04-22", "2025-04-23", "2025-04-24"],
    "movies": [
      {
        "title": "영화 A",
        "data": [100, 150, 200, 280, 350],
        "borderColor": "red",
        "backgroundColor": "rgba(255,0,0,0.2)"
      },
      {
        "title": "영화 B",
        "data": [80, 120, 160, 190, 210],
        "borderColor": "blue",
        "backgroundColor": "rgba(0,0,255,0.2)"
      },
      {
        "title": "영화 C",
        "data": [50, 70, 90, 120, 140],
        "borderColor": "green",
        "backgroundColor": "rgba(0,255,0,0.2)"
      },
      {
        "title": "영화 E",
        "data": [30, 40, 60, 90, 130],
        "borderColor": "purple",
        "backgroundColor": "rgba(128,0,128,0.2)"
      }
    ]
  }
  