{
  "movies": [
    {
      "title": "파묘",
      "description": "묻힌 진실을 파헤친다",
      "image": "https://i.namu.wiki/i/2yTsje_e0v3dfBVqoVsNogPtm4swtdcm6pEXJTRP8oiVykq4sPUo43r6mRwzWdX9_vQ_xSxEz9AFRqLAyWCiVg.webp"
    },
    {
      "title": "파묘",
      "description": "묻힌 진실을 파헤친다",
      "image": "https://i.namu.wiki/i/2yTsje_e0v3dfBVqoVsNogPtm4swtdcm6pEXJTRP8oiVykq4sPUo43r6mRwzWdX9_vQ_xSxEz9AFRqLAyWCiVg.webp"
    },
    {
      "title": "파묘",
      "description": "묻힌 진실을 파헤친다",
      "image": "https://i.namu.wiki/i/2yTsje_e0v3dfBVqoVsNogPtm4swtdcm6pEXJTRP8oiVykq4sPUo43r6mRwzWdX9_vQ_xSxEz9AFRqLAyWCiVg.webp"
    },
    
    {
      "title": "파묘",
      "description": "묻힌 진실을 파헤친다",
      "image": "https://i.namu.wiki/i/2yTsje_e0v3dfBVqoVsNogPtm4swtdcm6pEXJTRP8oiVykq4sPUo43r6mRwzWdX9_vQ_xSxEz9AFRqLAyWCiVg.webp"
    },
    {
      "title": "가필드 더 무비",
      "description": "가필드의 대모험",
      "image": "https://i.namu.wiki/i/2yTsje_e0v3dfBVqoVsNogPtm4swtdcm6pEXJTRP8oiVykq4sPUo43r6mRwzWdX9_vQ_xSxEz9AFRqLAyWCiVg.webp"
    },
    {
      "title": "드림",
      "description": "불가능한 꿈을 향한 도전",
      "image": "https://i.namu.wiki/i/2yTsje_e0v3dfBVqoVsNogPtm4swtdcm6pEXJTRP8oiVykq4sPUo43r6mRwzWdX9_vQ_xSxEz9AFRqLAyWCiVg.webp"
    }
  ]
}
